key_size,outsize,internal_threads,external_threads,implementation,fanout,time
12582912,12582912,1,1,wolfssl,2,177.48
12582912,12582912,1,1,wolfssl,2,177.77
12582912,12582912,1,1,wolfssl,2,177.19
12582912,12582912,1,1,wolfssl,2,177.29
12582912,12582912,1,1,wolfssl,2,177.33
12582912,12582912,1,1,openssl,2,256.53
12582912,12582912,1,1,openssl,2,256.64
12582912,12582912,1,1,openssl,2,256.62
12582912,12582912,1,1,openssl,2,256.39
12582912,12582912,1,1,openssl,2,256.91
12582912,12582912,1,1,aesni,2,117.02
12582912,12582912,1,1,aesni,2,116.93
12582912,12582912,1,1,aesni,2,116.94
12582912,12582912,1,1,aesni,2,116.92
12582912,12582912,1,1,aesni,2,116.88
12582912,12582912,2,1,wolfssl,2,97.96
12582912,12582912,2,1,wolfssl,2,100.08
12582912,12582912,2,1,wolfssl,2,97.43
12582912,12582912,2,1,wolfssl,2,97.22
12582912,12582912,2,1,wolfssl,2,97.68
12582912,12582912,2,1,openssl,2,146.35
12582912,12582912,2,1,openssl,2,145.90
12582912,12582912,2,1,openssl,2,146.26
12582912,12582912,2,1,openssl,2,146.75
12582912,12582912,2,1,openssl,2,146.14
12582912,12582912,2,1,aesni,2,67.97
12582912,12582912,2,1,aesni,2,67.79
12582912,12582912,2,1,aesni,2,67.80
12582912,12582912,2,1,aesni,2,68.08
12582912,12582912,2,1,aesni,2,67.52
12582912,12582912,4,1,wolfssl,2,51.14
12582912,12582912,4,1,wolfssl,2,50.09
12582912,12582912,4,1,wolfssl,2,49.95
12582912,12582912,4,1,wolfssl,2,49.99
12582912,12582912,4,1,wolfssl,2,50.23
12582912,12582912,4,1,openssl,2,74.88
12582912,12582912,4,1,openssl,2,74.78
12582912,12582912,4,1,openssl,2,74.82
12582912,12582912,4,1,openssl,2,74.76
12582912,12582912,4,1,openssl,2,75.25
12582912,12582912,4,1,aesni,2,36.57
12582912,12582912,4,1,aesni,2,36.21
12582912,12582912,4,1,aesni,2,35.04
12582912,12582912,4,1,aesni,2,35.05
12582912,12582912,4,1,aesni,2,34.01
12582912,12582912,8,1,wolfssl,2,26.40
12582912,12582912,8,1,wolfssl,2,25.51
12582912,12582912,8,1,wolfssl,2,25.60
12582912,12582912,8,1,wolfssl,2,25.66
12582912,12582912,8,1,wolfssl,2,25.28
12582912,12582912,8,1,openssl,2,38.66
12582912,12582912,8,1,openssl,2,37.69
12582912,12582912,8,1,openssl,2,40.60
12582912,12582912,8,1,openssl,2,41.79
12582912,12582912,8,1,openssl,2,39.62
12582912,12582912,8,1,aesni,2,18.09
12582912,12582912,8,1,aesni,2,18.08
12582912,12582912,8,1,aesni,2,18.03
12582912,12582912,8,1,aesni,2,17.88
12582912,12582912,8,1,aesni,2,17.94
25165824,25165824,1,1,wolfssl,2,362.47
25165824,25165824,1,1,wolfssl,2,361.52
25165824,25165824,1,1,wolfssl,2,361.91
25165824,25165824,1,1,wolfssl,2,362.33
25165824,25165824,1,1,wolfssl,2,361.76
25165824,25165824,1,1,openssl,2,522.69
25165824,25165824,1,1,openssl,2,522.41
25165824,25165824,1,1,openssl,2,522.96
25165824,25165824,1,1,openssl,2,522.59
25165824,25165824,1,1,openssl,2,522.84
25165824,25165824,1,1,aesni,2,233.64
25165824,25165824,1,1,aesni,2,233.80
25165824,25165824,1,1,aesni,2,233.55
25165824,25165824,1,1,aesni,2,233.66
25165824,25165824,1,1,aesni,2,233.58
25165824,25165824,2,1,wolfssl,2,204.83
25165824,25165824,2,1,wolfssl,2,203.69
25165824,25165824,2,1,wolfssl,2,204.26
25165824,25165824,2,1,wolfssl,2,204.26
25165824,25165824,2,1,wolfssl,2,204.16
25165824,25165824,2,1,openssl,2,305.58
25165824,25165824,2,1,openssl,2,305.55
25165824,25165824,2,1,openssl,2,306.72
25165824,25165824,2,1,openssl,2,306.46
25165824,25165824,2,1,openssl,2,305.70
25165824,25165824,2,1,aesni,2,140.60
25165824,25165824,2,1,aesni,2,140.47
25165824,25165824,2,1,aesni,2,140.51
25165824,25165824,2,1,aesni,2,140.39
25165824,25165824,2,1,aesni,2,140.51
25165824,25165824,4,1,wolfssl,2,106.26
25165824,25165824,4,1,wolfssl,2,104.28
25165824,25165824,4,1,wolfssl,2,104.59
25165824,25165824,4,1,wolfssl,2,109.19
25165824,25165824,4,1,wolfssl,2,105.18
25165824,25165824,4,1,openssl,2,156.41
25165824,25165824,4,1,openssl,2,155.01
25165824,25165824,4,1,openssl,2,173.32
25165824,25165824,4,1,openssl,2,155.67
25165824,25165824,4,1,openssl,2,173.96
25165824,25165824,4,1,aesni,2,72.57
25165824,25165824,4,1,aesni,2,72.15
25165824,25165824,4,1,aesni,2,82.50
25165824,25165824,4,1,aesni,2,74.48
25165824,25165824,4,1,aesni,2,72.06
25165824,25165824,8,1,wolfssl,2,54.87
25165824,25165824,8,1,wolfssl,2,53.40
25165824,25165824,8,1,wolfssl,2,55.01
25165824,25165824,8,1,wolfssl,2,54.98
25165824,25165824,8,1,wolfssl,2,54.11
25165824,25165824,8,1,openssl,2,80.83
25165824,25165824,8,1,openssl,2,80.78
25165824,25165824,8,1,openssl,2,79.69
25165824,25165824,8,1,openssl,2,89.40
25165824,25165824,8,1,openssl,2,94.55
25165824,25165824,8,1,aesni,2,39.99
25165824,25165824,8,1,aesni,2,39.99
25165824,25165824,8,1,aesni,2,37.63
25165824,25165824,8,1,aesni,2,38.25
25165824,25165824,8,1,aesni,2,37.77
50331648,50331648,1,1,wolfssl,2,764.85
50331648,50331648,1,1,wolfssl,2,760.33
50331648,50331648,1,1,wolfssl,2,759.64
50331648,50331648,1,1,wolfssl,2,759.08
50331648,50331648,1,1,wolfssl,2,759.32
50331648,50331648,1,1,openssl,2,1103.17
50331648,50331648,1,1,openssl,2,1102.64
50331648,50331648,1,1,openssl,2,1102.79
50331648,50331648,1,1,openssl,2,1102.80
50331648,50331648,1,1,openssl,2,1101.63
50331648,50331648,1,1,aesni,2,490.63
50331648,50331648,1,1,aesni,2,490.38
50331648,50331648,1,1,aesni,2,490.47
50331648,50331648,1,1,aesni,2,490.57
50331648,50331648,1,1,aesni,2,490.46
50331648,50331648,2,1,wolfssl,2,422.28
50331648,50331648,2,1,wolfssl,2,421.42
50331648,50331648,2,1,wolfssl,2,421.50
50331648,50331648,2,1,wolfssl,2,422.07
50331648,50331648,2,1,wolfssl,2,421.98
50331648,50331648,2,1,openssl,2,697.27
50331648,50331648,2,1,openssl,2,675.53
50331648,50331648,2,1,openssl,2,696.08
50331648,50331648,2,1,openssl,2,675.04
50331648,50331648,2,1,openssl,2,695.97
50331648,50331648,2,1,aesni,2,290.26
50331648,50331648,2,1,aesni,2,289.15
50331648,50331648,2,1,aesni,2,285.74
50331648,50331648,2,1,aesni,2,286.07
50331648,50331648,2,1,aesni,2,289.93
50331648,50331648,4,1,wolfssl,2,219.07
50331648,50331648,4,1,wolfssl,2,214.86
50331648,50331648,4,1,wolfssl,2,214.91
50331648,50331648,4,1,wolfssl,2,215.10
50331648,50331648,4,1,wolfssl,2,214.87
50331648,50331648,4,1,openssl,2,355.71
50331648,50331648,4,1,openssl,2,317.43
50331648,50331648,4,1,openssl,2,317.86
50331648,50331648,4,1,openssl,2,355.39
50331648,50331648,4,1,openssl,2,356.44
50331648,50331648,4,1,aesni,2,147.07
50331648,50331648,4,1,aesni,2,148.95
50331648,50331648,4,1,aesni,2,146.19
50331648,50331648,4,1,aesni,2,146.92
50331648,50331648,4,1,aesni,2,146.23
50331648,50331648,8,1,wolfssl,2,113.60
50331648,50331648,8,1,wolfssl,2,110.83
50331648,50331648,8,1,wolfssl,2,111.43
50331648,50331648,8,1,wolfssl,2,110.99
50331648,50331648,8,1,wolfssl,2,110.88
50331648,50331648,8,1,openssl,2,181.61
50331648,50331648,8,1,openssl,2,178.66
50331648,50331648,8,1,openssl,2,183.41
50331648,50331648,8,1,openssl,2,184.37
50331648,50331648,8,1,openssl,2,185.01
50331648,50331648,8,1,aesni,2,78.07
50331648,50331648,8,1,aesni,2,80.12
50331648,50331648,8,1,aesni,2,77.10
50331648,50331648,8,1,aesni,2,77.24
50331648,50331648,8,1,aesni,2,77.45
100663296,100663296,1,1,wolfssl,2,1602.20
100663296,100663296,1,1,wolfssl,2,1592.87
100663296,100663296,1,1,wolfssl,2,1591.80
100663296,100663296,1,1,wolfssl,2,1591.24
100663296,100663296,1,1,wolfssl,2,1590.68
100663296,100663296,1,1,openssl,2,2312.65
100663296,100663296,1,1,openssl,2,2312.23
100663296,100663296,1,1,openssl,2,2311.63
100663296,100663296,1,1,openssl,2,2309.38
100663296,100663296,1,1,openssl,2,2313.42
100663296,100663296,1,1,aesni,2,1044.53
100663296,100663296,1,1,aesni,2,1044.07
100663296,100663296,1,1,aesni,2,1045.13
100663296,100663296,1,1,aesni,2,1044.50
100663296,100663296,1,1,aesni,2,1043.83
100663296,100663296,2,1,wolfssl,2,866.51
100663296,100663296,2,1,wolfssl,2,863.85
100663296,100663296,2,1,wolfssl,2,865.28
100663296,100663296,2,1,wolfssl,2,867.48
100663296,100663296,2,1,wolfssl,2,868.21
100663296,100663296,2,1,openssl,2,1283.92
100663296,100663296,2,1,openssl,2,1284.34
100663296,100663296,2,1,openssl,2,1288.52
100663296,100663296,2,1,openssl,2,1281.71
100663296,100663296,2,1,openssl,2,1283.60
100663296,100663296,2,1,aesni,2,577.81
100663296,100663296,2,1,aesni,2,577.96
100663296,100663296,2,1,aesni,2,581.82
100663296,100663296,2,1,aesni,2,576.01
100663296,100663296,2,1,aesni,2,581.62
100663296,100663296,4,1,wolfssl,2,451.17
100663296,100663296,4,1,wolfssl,2,441.81
100663296,100663296,4,1,wolfssl,2,441.11
100663296,100663296,4,1,wolfssl,2,441.70
100663296,100663296,4,1,wolfssl,2,443.08
100663296,100663296,4,1,openssl,2,655.74
100663296,100663296,4,1,openssl,2,655.90
100663296,100663296,4,1,openssl,2,656.82
100663296,100663296,4,1,openssl,2,652.25
100663296,100663296,4,1,openssl,2,659.14
100663296,100663296,4,1,aesni,2,298.51
100663296,100663296,4,1,aesni,2,297.63
100663296,100663296,4,1,aesni,2,297.99
100663296,100663296,4,1,aesni,2,298.56
100663296,100663296,4,1,aesni,2,297.22
100663296,100663296,8,1,wolfssl,2,234.88
100663296,100663296,8,1,wolfssl,2,229.11
100663296,100663296,8,1,wolfssl,2,229.11
100663296,100663296,8,1,wolfssl,2,230.71
100663296,100663296,8,1,wolfssl,2,231.21
100663296,100663296,8,1,openssl,2,369.13
100663296,100663296,8,1,openssl,2,378.52
100663296,100663296,8,1,openssl,2,341.46
100663296,100663296,8,1,openssl,2,379.67
100663296,100663296,8,1,openssl,2,338.17
100663296,100663296,8,1,aesni,2,159.99
100663296,100663296,8,1,aesni,2,159.84
100663296,100663296,8,1,aesni,2,158.44
100663296,100663296,8,1,aesni,2,159.50
100663296,100663296,8,1,aesni,2,157.95
201326592,201326592,1,1,wolfssl,2,3351.71
201326592,201326592,1,1,wolfssl,2,3333.06
201326592,201326592,1,1,wolfssl,2,3332.02
201326592,201326592,1,1,wolfssl,2,3330.44
201326592,201326592,1,1,wolfssl,2,3329.37
201326592,201326592,1,1,openssl,2,4831.55
201326592,201326592,1,1,openssl,2,4832.24
201326592,201326592,1,1,openssl,2,4836.72
201326592,201326592,1,1,openssl,2,4832.53
201326592,201326592,1,1,openssl,2,4831.60
201326592,201326592,1,1,aesni,2,2190.03
201326592,201326592,1,1,aesni,2,2190.43
201326592,201326592,1,1,aesni,2,2185.78
201326592,201326592,1,1,aesni,2,2191.40
201326592,201326592,1,1,aesni,2,2186.83
201326592,201326592,2,1,wolfssl,2,1786.64
201326592,201326592,2,1,wolfssl,2,1788.18
201326592,201326592,2,1,wolfssl,2,1784.65
201326592,201326592,2,1,wolfssl,2,1787.62
201326592,201326592,2,1,wolfssl,2,1788.19
201326592,201326592,2,1,openssl,2,2999.32
201326592,201326592,2,1,openssl,2,2666.87
201326592,201326592,2,1,openssl,2,2660.13
201326592,201326592,2,1,openssl,2,2882.64
201326592,201326592,2,1,openssl,2,3002.83
201326592,201326592,2,1,aesni,2,1187.89
201326592,201326592,2,1,aesni,2,1188.70
201326592,201326592,2,1,aesni,2,1204.32
201326592,201326592,2,1,aesni,2,1197.49
201326592,201326592,2,1,aesni,2,1187.37
201326592,201326592,4,1,wolfssl,2,915.86
201326592,201326592,4,1,wolfssl,2,911.50
201326592,201326592,4,1,wolfssl,2,911.49
201326592,201326592,4,1,wolfssl,2,911.50
201326592,201326592,4,1,wolfssl,2,910.93
201326592,201326592,4,1,openssl,2,1355.51
201326592,201326592,4,1,openssl,2,1350.38
201326592,201326592,4,1,openssl,2,1524.99
201326592,201326592,4,1,openssl,2,1355.75
201326592,201326592,4,1,openssl,2,1527.31
201326592,201326592,4,1,aesni,2,611.44
201326592,201326592,4,1,aesni,2,610.96
201326592,201326592,4,1,aesni,2,609.67
201326592,201326592,4,1,aesni,2,609.72
201326592,201326592,4,1,aesni,2,618.11
201326592,201326592,8,1,wolfssl,2,491.54
201326592,201326592,8,1,wolfssl,2,486.16
201326592,201326592,8,1,wolfssl,2,487.96
201326592,201326592,8,1,wolfssl,2,485.59
201326592,201326592,8,1,wolfssl,2,492.27
201326592,201326592,8,1,openssl,2,704.82
201326592,201326592,8,1,openssl,2,706.10
201326592,201326592,8,1,openssl,2,797.64
201326592,201326592,8,1,openssl,2,705.17
201326592,201326592,8,1,openssl,2,712.57
201326592,201326592,8,1,aesni,2,346.09
201326592,201326592,8,1,aesni,2,343.13
201326592,201326592,8,1,aesni,2,343.13
201326592,201326592,8,1,aesni,2,341.91
201326592,201326592,8,1,aesni,2,344.04
402653184,402653184,1,1,wolfssl,2,7024.84
402653184,402653184,1,1,wolfssl,2,7001.24
402653184,402653184,1,1,wolfssl,2,7024.86
402653184,402653184,1,1,wolfssl,2,7025.57
402653184,402653184,1,1,wolfssl,2,7053.35
402653184,402653184,1,1,openssl,2,10117.81
402653184,402653184,1,1,openssl,2,10118.00
402653184,402653184,1,1,openssl,2,10117.74
402653184,402653184,1,1,openssl,2,10113.98
402653184,402653184,1,1,openssl,2,10111.09
402653184,402653184,1,1,aesni,2,4482.60
402653184,402653184,1,1,aesni,2,4480.55
402653184,402653184,1,1,aesni,2,4481.91
402653184,402653184,1,1,aesni,2,4482.10
402653184,402653184,1,1,aesni,2,4481.19
402653184,402653184,2,1,wolfssl,2,3722.42
402653184,402653184,2,1,wolfssl,2,3697.08
402653184,402653184,2,1,wolfssl,2,3699.17
402653184,402653184,2,1,wolfssl,2,3699.01
402653184,402653184,2,1,wolfssl,2,3699.16
402653184,402653184,2,1,openssl,2,5541.16
402653184,402653184,2,1,openssl,2,6242.11
402653184,402653184,2,1,openssl,2,5543.35
402653184,402653184,2,1,openssl,2,6236.03
402653184,402653184,2,1,openssl,2,5534.91
402653184,402653184,2,1,aesni,2,2430.71
402653184,402653184,2,1,aesni,2,2431.25
402653184,402653184,2,1,aesni,2,2429.67
402653184,402653184,2,1,aesni,2,2430.29
402653184,402653184,2,1,aesni,2,2430.82
402653184,402653184,4,1,wolfssl,2,1922.62
402653184,402653184,4,1,wolfssl,2,1887.53
402653184,402653184,4,1,wolfssl,2,1888.69
402653184,402653184,4,1,wolfssl,2,1890.86
402653184,402653184,4,1,wolfssl,2,1891.95
402653184,402653184,4,1,openssl,2,2809.22
402653184,402653184,4,1,openssl,2,2805.49
402653184,402653184,4,1,openssl,2,2811.48
402653184,402653184,4,1,openssl,2,3084.96
402653184,402653184,4,1,openssl,2,3161.91
402653184,402653184,4,1,aesni,2,1260.19
402653184,402653184,4,1,aesni,2,1259.58
402653184,402653184,4,1,aesni,2,1272.68
402653184,402653184,4,1,aesni,2,1257.71
402653184,402653184,4,1,aesni,2,1256.69
402653184,402653184,8,1,wolfssl,2,1030.19
402653184,402653184,8,1,wolfssl,2,1042.72
402653184,402653184,8,1,wolfssl,2,1048.17
402653184,402653184,8,1,wolfssl,2,1048.28
402653184,402653184,8,1,wolfssl,2,1055.49
402653184,402653184,8,1,openssl,2,1483.60
402653184,402653184,8,1,openssl,2,1497.94
402653184,402653184,8,1,openssl,2,1488.36
402653184,402653184,8,1,openssl,2,1487.24
402653184,402653184,8,1,openssl,2,1632.06
402653184,402653184,8,1,aesni,2,746.99
402653184,402653184,8,1,aesni,2,753.69
402653184,402653184,8,1,aesni,2,751.86
402653184,402653184,8,1,aesni,2,754.55
402653184,402653184,8,1,aesni,2,733.80
805306368,805306368,1,1,wolfssl,2,14629.03
805306368,805306368,1,1,wolfssl,2,14667.16
805306368,805306368,1,1,wolfssl,2,14655.72
805306368,805306368,1,1,wolfssl,2,14647.55
805306368,805306368,1,1,wolfssl,2,14648.32
805306368,805306368,1,1,openssl,2,21014.58
805306368,805306368,1,1,openssl,2,21055.75
805306368,805306368,1,1,openssl,2,21038.84
805306368,805306368,1,1,openssl,2,21025.66
805306368,805306368,1,1,openssl,2,21016.66
805306368,805306368,1,1,aesni,2,9441.60
805306368,805306368,1,1,aesni,2,9443.49
805306368,805306368,1,1,aesni,2,9446.43
805306368,805306368,1,1,aesni,2,9452.73
805306368,805306368,1,1,aesni,2,9454.77
805306368,805306368,2,1,wolfssl,2,7702.16
805306368,805306368,2,1,wolfssl,2,7686.32
805306368,805306368,2,1,wolfssl,2,7685.45
805306368,805306368,2,1,wolfssl,2,7686.40
805306368,805306368,2,1,wolfssl,2,7686.35
805306368,805306368,2,1,openssl,2,12521.53
805306368,805306368,2,1,openssl,2,12992.30
805306368,805306368,2,1,openssl,2,11514.54
805306368,805306368,2,1,openssl,2,12995.30
805306368,805306368,2,1,openssl,2,11513.74
805306368,805306368,2,1,aesni,2,5013.88
805306368,805306368,2,1,aesni,2,5014.92
805306368,805306368,2,1,aesni,2,5015.23
805306368,805306368,2,1,aesni,2,5014.38
805306368,805306368,2,1,aesni,2,5015.96
805306368,805306368,4,1,wolfssl,2,3931.50
805306368,805306368,4,1,wolfssl,2,3917.28
805306368,805306368,4,1,wolfssl,2,3909.45
805306368,805306368,4,1,wolfssl,2,3910.99
805306368,805306368,4,1,wolfssl,2,3905.58
805306368,805306368,4,1,openssl,2,5825.25
805306368,805306368,4,1,openssl,2,5831.16
805306368,805306368,4,1,openssl,2,5829.20
805306368,805306368,4,1,openssl,2,6403.86
805306368,805306368,4,1,openssl,2,5830.72
805306368,805306368,4,1,aesni,2,2610.32
805306368,805306368,4,1,aesni,2,2602.59
805306368,805306368,4,1,aesni,2,2608.15
805306368,805306368,4,1,aesni,2,2599.11
805306368,805306368,4,1,aesni,2,2607.09
805306368,805306368,8,1,wolfssl,2,2171.39
805306368,805306368,8,1,wolfssl,2,2177.04
805306368,805306368,8,1,wolfssl,2,2152.98
805306368,805306368,8,1,wolfssl,2,2149.28
805306368,805306368,8,1,wolfssl,2,2196.33
805306368,805306368,8,1,openssl,2,3421.53
805306368,805306368,8,1,openssl,2,3122.84
805306368,805306368,8,1,openssl,2,3072.83
805306368,805306368,8,1,openssl,2,3107.91
805306368,805306368,8,1,openssl,2,3293.67
805306368,805306368,8,1,aesni,2,1601.52
805306368,805306368,8,1,aesni,2,1596.08
805306368,805306368,8,1,aesni,2,1553.49
805306368,805306368,8,1,aesni,2,1598.55
805306368,805306368,8,1,aesni,2,1581.08
1610612736,1610612736,1,1,wolfssl,2,35003.12
1610612736,1610612736,1,1,wolfssl,2,35004.61
1610612736,1610612736,1,1,wolfssl,2,35024.11
1610612736,1610612736,1,1,wolfssl,2,34966.49
1610612736,1610612736,1,1,wolfssl,2,34908.06
1610612736,1610612736,1,1,openssl,2,48057.23
1610612736,1610612736,1,1,openssl,2,48055.79
1610612736,1610612736,1,1,openssl,2,48038.16
1610612736,1610612736,1,1,openssl,2,48057.14
1610612736,1610612736,1,1,openssl,2,48006.06
1610612736,1610612736,1,1,aesni,2,23938.09
1610612736,1610612736,1,1,aesni,2,23957.00
1610612736,1610612736,1,1,aesni,2,23970.95
1610612736,1610612736,1,1,aesni,2,23977.71
1610612736,1610612736,1,1,aesni,2,23973.72
1610612736,1610612736,2,1,wolfssl,2,20433.85
1610612736,1610612736,2,1,wolfssl,2,20402.66
1610612736,1610612736,2,1,wolfssl,2,20401.83
1610612736,1610612736,2,1,wolfssl,2,20404.95
1610612736,1610612736,2,1,wolfssl,2,20400.57
1610612736,1610612736,2,1,openssl,2,28330.88
1610612736,1610612736,2,1,openssl,2,28323.22
1610612736,1610612736,2,1,openssl,2,28305.27
1610612736,1610612736,2,1,openssl,2,28388.23
1610612736,1610612736,2,1,openssl,2,28359.98
1610612736,1610612736,2,1,aesni,2,14844.67
1610612736,1610612736,2,1,aesni,2,14990.60
1610612736,1610612736,2,1,aesni,2,14842.50
1610612736,1610612736,2,1,aesni,2,14854.73
1610612736,1610612736,2,1,aesni,2,14991.18
1610612736,1610612736,4,1,wolfssl,2,10404.80
1610612736,1610612736,4,1,wolfssl,2,10381.87
1610612736,1610612736,4,1,wolfssl,2,10389.18
1610612736,1610612736,4,1,wolfssl,2,10391.02
1610612736,1610612736,4,1,wolfssl,2,10382.35
1610612736,1610612736,4,1,openssl,2,14382.97
1610612736,1610612736,4,1,openssl,2,14388.17
1610612736,1610612736,4,1,openssl,2,15531.29
1610612736,1610612736,4,1,openssl,2,14369.59
1610612736,1610612736,4,1,openssl,2,14356.98
1610612736,1610612736,4,1,aesni,2,7693.00
1610612736,1610612736,4,1,aesni,2,7625.71
1610612736,1610612736,4,1,aesni,2,7627.44
1610612736,1610612736,4,1,aesni,2,7630.45
1610612736,1610612736,4,1,aesni,2,7692.37
1610612736,1610612736,8,1,wolfssl,2,5661.55
1610612736,1610612736,8,1,wolfssl,2,5636.38
1610612736,1610612736,8,1,wolfssl,2,5666.06
1610612736,1610612736,8,1,wolfssl,2,5612.70
1610612736,1610612736,8,1,wolfssl,2,5627.73
1610612736,1610612736,8,1,openssl,2,8035.50
1610612736,1610612736,8,1,openssl,2,8198.49
1610612736,1610612736,8,1,openssl,2,7618.57
1610612736,1610612736,8,1,openssl,2,7989.19
1610612736,1610612736,8,1,openssl,2,7993.13
1610612736,1610612736,8,1,aesni,2,4489.17
1610612736,1610612736,8,1,aesni,2,4396.64
1610612736,1610612736,8,1,aesni,2,4474.33
1610612736,1610612736,8,1,aesni,2,4398.31
1610612736,1610612736,8,1,aesni,2,4482.81
3221225472,3221225472,1,1,wolfssl,2,80977.72
3221225472,3221225472,1,1,wolfssl,2,80743.56
3221225472,3221225472,1,1,wolfssl,2,81224.94
3221225472,3221225472,1,1,wolfssl,2,81159.99
3221225472,3221225472,1,1,wolfssl,2,80924.81
3221225472,3221225472,1,1,openssl,2,108533.77
3221225472,3221225472,1,1,openssl,2,108306.41
3221225472,3221225472,1,1,openssl,2,108409.62
3221225472,3221225472,1,1,openssl,2,108307.81
3221225472,3221225472,1,1,openssl,2,108167.14
3221225472,3221225472,1,1,aesni,2,57922.17
3221225472,3221225472,1,1,aesni,2,57797.26
3221225472,3221225472,1,1,aesni,2,57624.64
3221225472,3221225472,1,1,aesni,2,57780.23
3221225472,3221225472,1,1,aesni,2,57660.98
3221225472,3221225472,2,1,wolfssl,2,46572.84
3221225472,3221225472,2,1,wolfssl,2,46494.56
3221225472,3221225472,2,1,wolfssl,2,46513.98
3221225472,3221225472,2,1,wolfssl,2,46633.18
3221225472,3221225472,2,1,wolfssl,2,46542.53
3221225472,3221225472,2,1,openssl,2,69449.96
3221225472,3221225472,2,1,openssl,2,63078.64
3221225472,3221225472,2,1,openssl,2,69432.74
3221225472,3221225472,2,1,openssl,2,63054.71
3221225472,3221225472,2,1,openssl,2,69406.39
3221225472,3221225472,2,1,aesni,2,34919.80
3221225472,3221225472,2,1,aesni,2,34933.26
3221225472,3221225472,2,1,aesni,2,34920.58
3221225472,3221225472,2,1,aesni,2,34918.33
3221225472,3221225472,2,1,aesni,2,34937.31
3221225472,3221225472,4,1,wolfssl,2,25990.18
3221225472,3221225472,4,1,wolfssl,2,25936.76
3221225472,3221225472,4,1,wolfssl,2,25951.23
3221225472,3221225472,4,1,wolfssl,2,25947.68
3221225472,3221225472,4,1,wolfssl,2,25942.97
3221225472,3221225472,4,1,openssl,2,34252.61
3221225472,3221225472,4,1,openssl,2,34240.41
3221225472,3221225472,4,1,openssl,2,36530.52
3221225472,3221225472,4,1,openssl,2,37250.70
3221225472,3221225472,4,1,openssl,2,34182.89
3221225472,3221225472,4,1,aesni,2,20185.72
3221225472,3221225472,4,1,aesni,2,20196.13
3221225472,3221225472,4,1,aesni,2,20310.52
3221225472,3221225472,4,1,aesni,2,20333.02
3221225472,3221225472,4,1,aesni,2,20298.90
3221225472,3221225472,8,1,wolfssl,2,13926.15
3221225472,3221225472,8,1,wolfssl,2,13971.68
3221225472,3221225472,8,1,wolfssl,2,14033.49
3221225472,3221225472,8,1,wolfssl,2,13952.25
3221225472,3221225472,8,1,wolfssl,2,13915.94
3221225472,3221225472,8,1,openssl,2,17889.50
3221225472,3221225472,8,1,openssl,2,19200.89
3221225472,3221225472,8,1,openssl,2,19263.61
3221225472,3221225472,8,1,openssl,2,17813.10
3221225472,3221225472,8,1,openssl,2,18033.37
3221225472,3221225472,8,1,aesni,2,11469.58
3221225472,3221225472,8,1,aesni,2,11236.35
3221225472,3221225472,8,1,aesni,2,11338.03
3221225472,3221225472,8,1,aesni,2,11566.80
3221225472,3221225472,8,1,aesni,2,11506.46
8503056,8503056,1,1,wolfssl,3,77.84
8503056,8503056,1,1,wolfssl,3,76.86
8503056,8503056,1,1,wolfssl,3,76.75
8503056,8503056,1,1,wolfssl,3,76.73
8503056,8503056,1,1,wolfssl,3,76.74
8503056,8503056,1,1,openssl,3,109.46
8503056,8503056,1,1,openssl,3,109.46
8503056,8503056,1,1,openssl,3,109.51
8503056,8503056,1,1,openssl,3,109.49
8503056,8503056,1,1,openssl,3,109.56
8503056,8503056,1,1,aesni,3,50.66
8503056,8503056,1,1,aesni,3,50.31
8503056,8503056,1,1,aesni,3,50.26
8503056,8503056,1,1,aesni,3,50.22
8503056,8503056,1,1,aesni,3,50.31
8503056,8503056,3,1,wolfssl,3,31.74
8503056,8503056,3,1,wolfssl,3,30.51
8503056,8503056,3,1,wolfssl,3,31.00
8503056,8503056,3,1,wolfssl,3,30.81
8503056,8503056,3,1,wolfssl,3,30.55
8503056,8503056,3,1,openssl,3,45.74
8503056,8503056,3,1,openssl,3,45.11
8503056,8503056,3,1,openssl,3,45.07
8503056,8503056,3,1,openssl,3,45.48
8503056,8503056,3,1,openssl,3,45.50
8503056,8503056,3,1,aesni,3,22.64
8503056,8503056,3,1,aesni,3,22.30
8503056,8503056,3,1,aesni,3,22.50
8503056,8503056,3,1,aesni,3,21.70
8503056,8503056,3,1,aesni,3,22.32
8503056,8503056,9,1,wolfssl,3,12.79
8503056,8503056,9,1,wolfssl,3,12.50
8503056,8503056,9,1,wolfssl,3,12.23
8503056,8503056,9,1,wolfssl,3,12.67
8503056,8503056,9,1,wolfssl,3,12.66
8503056,8503056,9,1,openssl,3,19.69
8503056,8503056,9,1,openssl,3,18.27
8503056,8503056,9,1,openssl,3,18.51
8503056,8503056,9,1,openssl,3,18.18
8503056,8503056,9,1,openssl,3,20.06
8503056,8503056,9,1,aesni,3,10.39
8503056,8503056,9,1,aesni,3,9.58
8503056,8503056,9,1,aesni,3,9.62
8503056,8503056,9,1,aesni,3,9.90
8503056,8503056,9,1,aesni,3,9.89
25509168,25509168,1,1,wolfssl,3,261.51
25509168,25509168,1,1,wolfssl,3,260.97
25509168,25509168,1,1,wolfssl,3,259.19
25509168,25509168,1,1,wolfssl,3,259.16
25509168,25509168,1,1,wolfssl,3,259.17
25509168,25509168,1,1,openssl,3,369.76
25509168,25509168,1,1,openssl,3,370.02
25509168,25509168,1,1,openssl,3,369.95
25509168,25509168,1,1,openssl,3,370.03
25509168,25509168,1,1,openssl,3,369.82
25509168,25509168,1,1,aesni,3,175.00
25509168,25509168,1,1,aesni,3,174.80
25509168,25509168,1,1,aesni,3,174.71
25509168,25509168,1,1,aesni,3,174.60
25509168,25509168,1,1,aesni,3,174.67
25509168,25509168,3,1,wolfssl,3,103.37
25509168,25509168,3,1,wolfssl,3,101.86
25509168,25509168,3,1,wolfssl,3,101.91
25509168,25509168,3,1,wolfssl,3,102.23
25509168,25509168,3,1,wolfssl,3,102.57
25509168,25509168,3,1,openssl,3,158.70
25509168,25509168,3,1,openssl,3,149.74
25509168,25509168,3,1,openssl,3,149.70
25509168,25509168,3,1,openssl,3,149.71
25509168,25509168,3,1,openssl,3,149.56
25509168,25509168,3,1,aesni,3,74.75
25509168,25509168,3,1,aesni,3,74.62
25509168,25509168,3,1,aesni,3,74.69
25509168,25509168,3,1,aesni,3,74.76
25509168,25509168,3,1,aesni,3,74.24
25509168,25509168,9,1,wolfssl,3,43.46
25509168,25509168,9,1,wolfssl,3,40.93
25509168,25509168,9,1,wolfssl,3,42.07
25509168,25509168,9,1,wolfssl,3,40.78
25509168,25509168,9,1,wolfssl,3,40.34
25509168,25509168,9,1,openssl,3,62.60
25509168,25509168,9,1,openssl,3,58.77
25509168,25509168,9,1,openssl,3,59.04
25509168,25509168,9,1,openssl,3,58.77
25509168,25509168,9,1,openssl,3,59.21
25509168,25509168,9,1,aesni,3,32.13
25509168,25509168,9,1,aesni,3,33.07
25509168,25509168,9,1,aesni,3,33.09
25509168,25509168,9,1,aesni,3,32.05
25509168,25509168,9,1,aesni,3,32.45
76527504,76527504,1,1,wolfssl,3,818.68
76527504,76527504,1,1,wolfssl,3,817.49
76527504,76527504,1,1,wolfssl,3,817.01
76527504,76527504,1,1,wolfssl,3,817.46
76527504,76527504,1,1,wolfssl,3,816.50
76527504,76527504,1,1,openssl,3,1161.92
76527504,76527504,1,1,openssl,3,1161.57
76527504,76527504,1,1,openssl,3,1162.30
76527504,76527504,1,1,openssl,3,1160.73
76527504,76527504,1,1,openssl,3,1160.34
76527504,76527504,1,1,aesni,3,545.54
76527504,76527504,1,1,aesni,3,545.11
76527504,76527504,1,1,aesni,3,544.79
76527504,76527504,1,1,aesni,3,544.47
76527504,76527504,1,1,aesni,3,544.19
76527504,76527504,3,1,wolfssl,3,311.27
76527504,76527504,3,1,wolfssl,3,310.40
76527504,76527504,3,1,wolfssl,3,311.45
76527504,76527504,3,1,wolfssl,3,309.81
76527504,76527504,3,1,wolfssl,3,310.67
76527504,76527504,3,1,openssl,3,447.72
76527504,76527504,3,1,openssl,3,449.00
76527504,76527504,3,1,openssl,3,448.13
76527504,76527504,3,1,openssl,3,450.29
76527504,76527504,3,1,openssl,3,445.03
76527504,76527504,3,1,aesni,3,220.95
76527504,76527504,3,1,aesni,3,220.44
76527504,76527504,3,1,aesni,3,219.75
76527504,76527504,3,1,aesni,3,219.62
76527504,76527504,3,1,aesni,3,222.99
76527504,76527504,9,1,wolfssl,3,128.87
76527504,76527504,9,1,wolfssl,3,123.18
76527504,76527504,9,1,wolfssl,3,123.62
76527504,76527504,9,1,wolfssl,3,123.19
76527504,76527504,9,1,wolfssl,3,122.99
76527504,76527504,9,1,openssl,3,191.72
76527504,76527504,9,1,openssl,3,184.31
76527504,76527504,9,1,openssl,3,179.41
76527504,76527504,9,1,openssl,3,176.42
76527504,76527504,9,1,openssl,3,176.80
76527504,76527504,9,1,aesni,3,91.94
76527504,76527504,9,1,aesni,3,92.74
76527504,76527504,9,1,aesni,3,95.11
76527504,76527504,9,1,aesni,3,92.29
76527504,76527504,9,1,aesni,3,91.56
229582512,229582512,1,1,wolfssl,3,2637.19
229582512,229582512,1,1,wolfssl,3,2633.07
229582512,229582512,1,1,wolfssl,3,2630.05
229582512,229582512,1,1,wolfssl,3,2629.27
229582512,229582512,1,1,wolfssl,3,2628.56
229582512,229582512,1,1,openssl,3,3727.37
229582512,229582512,1,1,openssl,3,3726.11
229582512,229582512,1,1,openssl,3,3728.89
229582512,229582512,1,1,openssl,3,3722.75
229582512,229582512,1,1,openssl,3,3722.00
229582512,229582512,1,1,aesni,3,1746.11
229582512,229582512,1,1,aesni,3,1744.90
229582512,229582512,1,1,aesni,3,1747.05
229582512,229582512,1,1,aesni,3,1744.98
229582512,229582512,1,1,aesni,3,1746.64
229582512,229582512,3,1,wolfssl,3,950.04
229582512,229582512,3,1,wolfssl,3,953.39
229582512,229582512,3,1,wolfssl,3,949.45
229582512,229582512,3,1,wolfssl,3,947.85
229582512,229582512,3,1,wolfssl,3,950.74
229582512,229582512,3,1,openssl,3,1390.95
229582512,229582512,3,1,openssl,3,1397.35
229582512,229582512,3,1,openssl,3,1402.30
229582512,229582512,3,1,openssl,3,1396.33
229582512,229582512,3,1,openssl,3,1398.00
229582512,229582512,3,1,aesni,3,663.26
229582512,229582512,3,1,aesni,3,666.24
229582512,229582512,3,1,aesni,3,656.46
229582512,229582512,3,1,aesni,3,661.03
229582512,229582512,3,1,aesni,3,663.69
229582512,229582512,9,1,wolfssl,3,361.92
229582512,229582512,9,1,wolfssl,3,363.61
229582512,229582512,9,1,wolfssl,3,361.53
229582512,229582512,9,1,wolfssl,3,363.20
229582512,229582512,9,1,wolfssl,3,361.43
229582512,229582512,9,1,openssl,3,512.14
229582512,229582512,9,1,openssl,3,519.51
229582512,229582512,9,1,openssl,3,508.75
229582512,229582512,9,1,openssl,3,506.57
229582512,229582512,9,1,openssl,3,514.58
229582512,229582512,9,1,aesni,3,276.37
229582512,229582512,9,1,aesni,3,273.88
229582512,229582512,9,1,aesni,3,264.81
229582512,229582512,9,1,aesni,3,278.76
229582512,229582512,9,1,aesni,3,270.46
688747536,688747536,1,1,wolfssl,3,8402.38
688747536,688747536,1,1,wolfssl,3,8422.21
688747536,688747536,1,1,wolfssl,3,8519.90
688747536,688747536,1,1,wolfssl,3,8519.13
688747536,688747536,1,1,wolfssl,3,8512.79
688747536,688747536,1,1,openssl,3,11911.94
688747536,688747536,1,1,openssl,3,11917.38
688747536,688747536,1,1,openssl,3,11909.29
688747536,688747536,1,1,openssl,3,11911.81
688747536,688747536,1,1,openssl,3,11897.27
688747536,688747536,1,1,aesni,3,5538.97
688747536,688747536,1,1,aesni,3,5536.50
688747536,688747536,1,1,aesni,3,5540.37
688747536,688747536,1,1,aesni,3,5536.66
688747536,688747536,1,1,aesni,3,5537.33
688747536,688747536,3,1,wolfssl,3,2974.12
688747536,688747536,3,1,wolfssl,3,2972.50
688747536,688747536,3,1,wolfssl,3,2975.71
688747536,688747536,3,1,wolfssl,3,2972.14
688747536,688747536,3,1,wolfssl,3,2977.24
688747536,688747536,3,1,openssl,3,4373.36
688747536,688747536,3,1,openssl,3,4364.42
688747536,688747536,3,1,openssl,3,4369.15
688747536,688747536,3,1,openssl,3,4361.12
688747536,688747536,3,1,openssl,3,4361.16
688747536,688747536,3,1,aesni,3,2036.45
688747536,688747536,3,1,aesni,3,2041.98
688747536,688747536,3,1,aesni,3,2044.12
688747536,688747536,3,1,aesni,3,2035.93
688747536,688747536,3,1,aesni,3,2036.81
688747536,688747536,9,1,wolfssl,3,1175.25
688747536,688747536,9,1,wolfssl,3,1177.17
688747536,688747536,9,1,wolfssl,3,1183.19
688747536,688747536,9,1,wolfssl,3,1176.25
688747536,688747536,9,1,wolfssl,3,1174.76
688747536,688747536,9,1,openssl,3,1627.92
688747536,688747536,9,1,openssl,3,1756.28
688747536,688747536,9,1,openssl,3,1626.03
688747536,688747536,9,1,openssl,3,1628.99
688747536,688747536,9,1,openssl,3,1710.73
688747536,688747536,9,1,aesni,3,915.33
688747536,688747536,9,1,aesni,3,918.50
688747536,688747536,9,1,aesni,3,907.55
688747536,688747536,9,1,aesni,3,911.10
688747536,688747536,9,1,aesni,3,909.25
2066242608,2066242608,1,1,wolfssl,3,26788.23
2066242608,2066242608,1,1,wolfssl,3,26665.87
2066242608,2066242608,1,1,wolfssl,3,26820.53
2066242608,2066242608,1,1,wolfssl,3,26926.62
2066242608,2066242608,1,1,wolfssl,3,26946.04
2066242608,2066242608,1,1,openssl,3,37962.88
2066242608,2066242608,1,1,openssl,3,37928.75
2066242608,2066242608,1,1,openssl,3,37965.92
2066242608,2066242608,1,1,openssl,3,37925.95
2066242608,2066242608,1,1,openssl,3,37904.90
2066242608,2066242608,1,1,aesni,3,17611.66
2066242608,2066242608,1,1,aesni,3,17608.00
2066242608,2066242608,1,1,aesni,3,17616.84
2066242608,2066242608,1,1,aesni,3,17622.46
2066242608,2066242608,1,1,aesni,3,17624.79
2066242608,2066242608,3,1,wolfssl,3,9447.12
2066242608,2066242608,3,1,wolfssl,3,9437.31
2066242608,2066242608,3,1,wolfssl,3,9420.08
2066242608,2066242608,3,1,wolfssl,3,9439.61
2066242608,2066242608,3,1,wolfssl,3,9436.47
2066242608,2066242608,3,1,openssl,3,13872.27
2066242608,2066242608,3,1,openssl,3,13868.04
2066242608,2066242608,3,1,openssl,3,13886.50
2066242608,2066242608,3,1,openssl,3,13922.29
2066242608,2066242608,3,1,openssl,3,13891.29
2066242608,2066242608,3,1,aesni,3,6428.58
2066242608,2066242608,3,1,aesni,3,6423.31
2066242608,2066242608,3,1,aesni,3,6454.43
2066242608,2066242608,3,1,aesni,3,6419.59
2066242608,2066242608,3,1,aesni,3,6435.40
2066242608,2066242608,9,1,wolfssl,3,3803.75
2066242608,2066242608,9,1,wolfssl,3,3821.61
2066242608,2066242608,9,1,wolfssl,3,3804.91
2066242608,2066242608,9,1,wolfssl,3,3794.26
2066242608,2066242608,9,1,wolfssl,3,3803.59
2066242608,2066242608,9,1,openssl,3,5132.98
2066242608,2066242608,9,1,openssl,3,5205.39
2066242608,2066242608,9,1,openssl,3,5385.89
2066242608,2066242608,9,1,openssl,3,5595.16
2066242608,2066242608,9,1,openssl,3,5588.19
2066242608,2066242608,9,1,aesni,3,2949.71
2066242608,2066242608,9,1,aesni,3,2936.95
2066242608,2066242608,9,1,aesni,3,2934.89
2066242608,2066242608,9,1,aesni,3,2933.10
2066242608,2066242608,9,1,aesni,3,2948.44
12582912,12582912,1,1,wolfssl,4,99.71
12582912,12582912,1,1,wolfssl,4,97.42
12582912,12582912,1,1,wolfssl,4,97.28
12582912,12582912,1,1,wolfssl,4,97.21
12582912,12582912,1,1,wolfssl,4,97.20
12582912,12582912,1,1,openssl,4,137.77
12582912,12582912,1,1,openssl,4,137.65
12582912,12582912,1,1,openssl,4,137.92
12582912,12582912,1,1,openssl,4,137.76
12582912,12582912,1,1,openssl,4,137.66
12582912,12582912,1,1,aesni,4,65.88
12582912,12582912,1,1,aesni,4,65.48
12582912,12582912,1,1,aesni,4,65.53
12582912,12582912,1,1,aesni,4,65.56
12582912,12582912,1,1,aesni,4,65.53
12582912,12582912,4,1,wolfssl,4,32.14
12582912,12582912,4,1,wolfssl,4,31.41
12582912,12582912,4,1,wolfssl,4,31.37
12582912,12582912,4,1,wolfssl,4,31.36
12582912,12582912,4,1,wolfssl,4,31.45
12582912,12582912,4,1,openssl,4,45.11
12582912,12582912,4,1,openssl,4,49.10
12582912,12582912,4,1,openssl,4,48.65
12582912,12582912,4,1,openssl,4,45.78
12582912,12582912,4,1,openssl,4,48.04
12582912,12582912,4,1,aesni,4,23.63
12582912,12582912,4,1,aesni,4,24.30
12582912,12582912,4,1,aesni,4,23.50
12582912,12582912,4,1,aesni,4,24.28
12582912,12582912,4,1,aesni,4,24.00
12582912,12582912,16,1,wolfssl,4,13.37
12582912,12582912,16,1,wolfssl,4,13.19
12582912,12582912,16,1,wolfssl,4,14.76
12582912,12582912,16,1,wolfssl,4,12.90
12582912,12582912,16,1,wolfssl,4,14.09
12582912,12582912,16,1,openssl,4,19.67
12582912,12582912,16,1,openssl,4,17.46
12582912,12582912,16,1,openssl,4,19.87
12582912,12582912,16,1,openssl,4,19.01
12582912,12582912,16,1,openssl,4,17.09
12582912,12582912,16,1,aesni,4,9.94
12582912,12582912,16,1,aesni,4,10.52
12582912,12582912,16,1,aesni,4,9.94
12582912,12582912,16,1,aesni,4,9.63
12582912,12582912,16,1,aesni,4,9.78
50331648,50331648,1,1,wolfssl,4,451.01
50331648,50331648,1,1,wolfssl,4,447.79
50331648,50331648,1,1,wolfssl,4,447.38
50331648,50331648,1,1,wolfssl,4,447.21
50331648,50331648,1,1,wolfssl,4,447.13
50331648,50331648,1,1,openssl,4,631.32
50331648,50331648,1,1,openssl,4,631.75
50331648,50331648,1,1,openssl,4,631.21
50331648,50331648,1,1,openssl,4,631.77
50331648,50331648,1,1,openssl,4,631.82
50331648,50331648,1,1,aesni,4,301.39
50331648,50331648,1,1,aesni,4,300.65
50331648,50331648,1,1,aesni,4,301.12
50331648,50331648,1,1,aesni,4,300.84
50331648,50331648,1,1,aesni,4,300.90
50331648,50331648,4,1,wolfssl,4,133.15
50331648,50331648,4,1,wolfssl,4,133.57
50331648,50331648,4,1,wolfssl,4,133.09
50331648,50331648,4,1,wolfssl,4,133.54
50331648,50331648,4,1,wolfssl,4,133.53
50331648,50331648,4,1,openssl,4,209.71
50331648,50331648,4,1,openssl,4,206.68
50331648,50331648,4,1,openssl,4,190.85
50331648,50331648,4,1,openssl,4,202.92
50331648,50331648,4,1,openssl,4,209.45
50331648,50331648,4,1,aesni,4,98.32
50331648,50331648,4,1,aesni,4,98.24
50331648,50331648,4,1,aesni,4,99.06
50331648,50331648,4,1,aesni,4,98.24
50331648,50331648,4,1,aesni,4,99.55
50331648,50331648,16,1,wolfssl,4,60.79
50331648,50331648,16,1,wolfssl,4,58.93
50331648,50331648,16,1,wolfssl,4,58.40
50331648,50331648,16,1,wolfssl,4,57.68
50331648,50331648,16,1,wolfssl,4,62.08
50331648,50331648,16,1,openssl,4,89.17
50331648,50331648,16,1,openssl,4,76.01
50331648,50331648,16,1,openssl,4,78.57
50331648,50331648,16,1,openssl,4,75.92
50331648,50331648,16,1,openssl,4,87.06
50331648,50331648,16,1,aesni,4,44.96
50331648,50331648,16,1,aesni,4,42.90
50331648,50331648,16,1,aesni,4,41.83
50331648,50331648,16,1,aesni,4,40.96
50331648,50331648,16,1,aesni,4,40.30
201326592,201326592,1,1,wolfssl,4,1889.25
201326592,201326592,1,1,wolfssl,4,1876.43
201326592,201326592,1,1,wolfssl,4,1875.84
201326592,201326592,1,1,wolfssl,4,1875.54
201326592,201326592,1,1,wolfssl,4,1875.56
201326592,201326592,1,1,openssl,4,2659.67
201326592,201326592,1,1,openssl,4,2651.47
201326592,201326592,1,1,openssl,4,2654.86
201326592,201326592,1,1,openssl,4,2656.17
201326592,201326592,1,1,openssl,4,2655.32
201326592,201326592,1,1,aesni,4,1262.74
201326592,201326592,1,1,aesni,4,1262.23
201326592,201326592,1,1,aesni,4,1262.00
201326592,201326592,1,1,aesni,4,1261.92
201326592,201326592,1,1,aesni,4,1261.36
201326592,201326592,4,1,wolfssl,4,539.99
201326592,201326592,4,1,wolfssl,4,525.90
201326592,201326592,4,1,wolfssl,4,523.69
201326592,201326592,4,1,wolfssl,4,526.16
201326592,201326592,4,1,wolfssl,4,525.79
201326592,201326592,4,1,openssl,4,756.53
201326592,201326592,4,1,openssl,4,751.97
201326592,201326592,4,1,openssl,4,763.39
201326592,201326592,4,1,openssl,4,768.53
201326592,201326592,4,1,openssl,4,752.44
201326592,201326592,4,1,aesni,4,366.58
201326592,201326592,4,1,aesni,4,372.08
201326592,201326592,4,1,aesni,4,366.83
201326592,201326592,4,1,aesni,4,365.73
201326592,201326592,4,1,aesni,4,369.84
201326592,201326592,16,1,wolfssl,4,223.12
201326592,201326592,16,1,wolfssl,4,208.79
201326592,201326592,16,1,wolfssl,4,219.29
201326592,201326592,16,1,wolfssl,4,219.82
201326592,201326592,16,1,wolfssl,4,222.30
201326592,201326592,16,1,openssl,4,315.23
201326592,201326592,16,1,openssl,4,315.71
201326592,201326592,16,1,openssl,4,319.76
201326592,201326592,16,1,openssl,4,318.69
201326592,201326592,16,1,openssl,4,323.47
201326592,201326592,16,1,aesni,4,171.49
201326592,201326592,16,1,aesni,4,168.38
201326592,201326592,16,1,aesni,4,166.59
201326592,201326592,16,1,aesni,4,188.33
201326592,201326592,16,1,aesni,4,171.76
805306368,805306368,1,1,wolfssl,4,8159.91
805306368,805306368,1,1,wolfssl,4,8133.96
805306368,805306368,1,1,wolfssl,4,8487.35
805306368,805306368,1,1,wolfssl,4,8481.13
805306368,805306368,1,1,wolfssl,4,8499.22
805306368,805306368,1,1,openssl,4,11903.15
805306368,805306368,1,1,openssl,4,11907.45
805306368,805306368,1,1,openssl,4,11908.23
805306368,805306368,1,1,openssl,4,11917.78
805306368,805306368,1,1,openssl,4,11918.06
805306368,805306368,1,1,aesni,4,5683.53
805306368,805306368,1,1,aesni,4,5683.41
805306368,805306368,1,1,aesni,4,5683.02
805306368,805306368,1,1,aesni,4,5687.58
805306368,805306368,1,1,aesni,4,5685.02
805306368,805306368,4,1,wolfssl,4,2234.25
805306368,805306368,4,1,wolfssl,4,2227.77
805306368,805306368,4,1,wolfssl,4,2229.20
805306368,805306368,4,1,wolfssl,4,2230.25
805306368,805306368,4,1,wolfssl,4,2231.03
805306368,805306368,4,1,openssl,4,3230.08
805306368,805306368,4,1,openssl,4,3286.18
805306368,805306368,4,1,openssl,4,3231.13
805306368,805306368,4,1,openssl,4,3282.62
805306368,805306368,4,1,openssl,4,3236.58
805306368,805306368,4,1,aesni,4,1563.12
805306368,805306368,4,1,aesni,4,1558.69
805306368,805306368,4,1,aesni,4,1562.45
805306368,805306368,4,1,aesni,4,1564.25
805306368,805306368,4,1,aesni,4,1557.21
805306368,805306368,16,1,wolfssl,4,1004.13
805306368,805306368,16,1,wolfssl,4,984.64
805306368,805306368,16,1,wolfssl,4,999.48
805306368,805306368,16,1,wolfssl,4,975.66
805306368,805306368,16,1,wolfssl,4,1013.88
805306368,805306368,16,1,openssl,4,1375.66
805306368,805306368,16,1,openssl,4,1346.90
805306368,805306368,16,1,openssl,4,1382.24
805306368,805306368,16,1,openssl,4,1340.63
805306368,805306368,16,1,openssl,4,1345.90
805306368,805306368,16,1,aesni,4,880.76
805306368,805306368,16,1,aesni,4,882.25
805306368,805306368,16,1,aesni,4,884.45
805306368,805306368,16,1,aesni,4,891.52
805306368,805306368,16,1,aesni,4,874.44
3221225472,3221225472,1,1,wolfssl,4,62163.00
3221225472,3221225472,1,1,wolfssl,4,61999.68
3221225472,3221225472,1,1,wolfssl,4,61813.35
3221225472,3221225472,1,1,wolfssl,4,61948.98
3221225472,3221225472,1,1,wolfssl,4,62017.86
3221225472,3221225472,1,1,openssl,4,76611.18
3221225472,3221225472,1,1,openssl,4,76587.50
3221225472,3221225472,1,1,openssl,4,76577.97
3221225472,3221225472,1,1,openssl,4,76635.33
3221225472,3221225472,1,1,openssl,4,76662.22
3221225472,3221225472,1,1,aesni,4,49972.55
3221225472,3221225472,1,1,aesni,4,49788.48
3221225472,3221225472,1,1,aesni,4,49748.85
3221225472,3221225472,1,1,aesni,4,49819.50
3221225472,3221225472,1,1,aesni,4,49947.38
3221225472,3221225472,4,1,wolfssl,4,22791.41
3221225472,3221225472,4,1,wolfssl,4,22724.34
3221225472,3221225472,4,1,wolfssl,4,22719.92
3221225472,3221225472,4,1,wolfssl,4,23445.66
3221225472,3221225472,4,1,wolfssl,4,22713.64
3221225472,3221225472,4,1,openssl,4,27022.33
3221225472,3221225472,4,1,openssl,4,28582.47
3221225472,3221225472,4,1,openssl,4,27052.04
3221225472,3221225472,4,1,openssl,4,28278.08
3221225472,3221225472,4,1,openssl,4,27049.93
3221225472,3221225472,4,1,aesni,4,19825.94
3221225472,3221225472,4,1,aesni,4,19875.95
3221225472,3221225472,4,1,aesni,4,19804.71
3221225472,3221225472,4,1,aesni,4,20553.86
3221225472,3221225472,4,1,aesni,4,19823.65
3221225472,3221225472,16,1,wolfssl,4,7779.39
3221225472,3221225472,16,1,wolfssl,4,7720.77
3221225472,3221225472,16,1,wolfssl,4,7748.22
3221225472,3221225472,16,1,wolfssl,4,7638.27
3221225472,3221225472,16,1,wolfssl,4,7752.67
3221225472,3221225472,16,1,openssl,4,9138.81
3221225472,3221225472,16,1,openssl,4,9139.92
3221225472,3221225472,16,1,openssl,4,9153.90
3221225472,3221225472,16,1,openssl,4,9273.29
3221225472,3221225472,16,1,openssl,4,9220.80
3221225472,3221225472,16,1,aesni,4,7329.19
3221225472,3221225472,16,1,aesni,4,7325.87
3221225472,3221225472,16,1,aesni,4,7287.94
3221225472,3221225472,16,1,aesni,4,7254.46
3221225472,3221225472,16,1,aesni,4,7357.35
